일자,Unnamed: 0,교통량
2020-01,11811,303773532.7843934
2020-02,11919,275504098.06077087
2020-03,13671,290876137.8495431
